Error Type,Topic Guid,Message
Error,,Checking for list in tables in file: message:System.Collections.ArrayList
Error,,CHecking Bug 1235997:Support Request: MD conversion issue: not escaped tags causing missing content in md file: message:System.Collections.ArrayList
Error,,Checking for missing tables headers in file: message:System.Collections.ArrayList
Error,,Running transform:ConceptualTransform.xslt on file: message:System.Collections.ArrayList
Error,,Running github process on file: message:System.Collections.ArrayList
Error,05b2e7e4-230e-48a9-802c-4cafac0d7c9d,Checking for list in tables in file:05b2e7e4-230e-48a9-802c-4cafac0d7c9d.xml message:System.Collections.ArrayList
Error,05b2e7e4-230e-48a9-802c-4cafac0d7c9d,CHecking Bug 1235997:Support Request: MD conversion issue: not escaped tags causing missing content in md file:05b2e7e4-230e-48a9-802c-4cafac0d7c9d.md message:System.Collections.ArrayList
Error,05b2e7e4-230e-48a9-802c-4cafac0d7c9d,Checking for missing tables headers in file:05b2e7e4-230e-48a9-802c-4cafac0d7c9d.md message:System.Collections.ArrayList
Error,05b2e7e4-230e-48a9-802c-4cafac0d7c9d,Running transform:ConceptualTransform.xslt on file:05b2e7e4-230e-48a9-802c-4cafac0d7c9d.xml message:System.Collections.ArrayList
Error,05b2e7e4-230e-48a9-802c-4cafac0d7c9d,Checking for nested tables in file:c:\dsbs\Builds\iw\1033\Content\DMC_O365SecComp\Working\markdown\05b2e7e4-230e-48a9-802c-4cafac0d7c9d.md message:System.Collections.ArrayList
Warning,078eb946-819a-4e13-8673-fe0c0ad3a775,Found nested table in md file:078eb946-819a-4e13-8673-fe0c0ad3a775.md
Warning,078eb946-819a-4e13-8673-fe0c0ad3a775,Fixing missing end table tag in file:078eb946-819a-4e13-8673-fe0c0ad3a775.md
Warning,078eb946-819a-4e13-8673-fe0c0ad3a775,Found invalid tables saving file:078eb946-819a-4e13-8673-fe0c0ad3a775.md
Warning,07e76024-0c80-40dc-8c48-1dd0d0f863cb,Found a an ul list inside a table in html file:07e76024-0c80-40dc-8c48-1dd0d0f863cb.xml
Warning,09f6737e-f03f-4bc8-8281-e46d24ee2a74,Missing tables headers in file:09f6737e-f03f-4bc8-8281-e46d24ee2a74.md
Warning,0a322724-08ca-43db-b69a-afbfa20484cd,Found nested table in md file:0a322724-08ca-43db-b69a-afbfa20484cd.md
Warning,0a322724-08ca-43db-b69a-afbfa20484cd,Fixing missing end table tag in file:0a322724-08ca-43db-b69a-afbfa20484cd.md
Warning,0a322724-08ca-43db-b69a-afbfa20484cd,Found invalid tables saving file:0a322724-08ca-43db-b69a-afbfa20484cd.md
Warning,0a73d5fa-b2c8-43e7-9ed4-61f0552b1c98,Found nested table in md file:0a73d5fa-b2c8-43e7-9ed4-61f0552b1c98.md
Warning,0a73d5fa-b2c8-43e7-9ed4-61f0552b1c98,Fixing missing end table tag in file:0a73d5fa-b2c8-43e7-9ed4-61f0552b1c98.md
Warning,0a73d5fa-b2c8-43e7-9ed4-61f0552b1c98,Fixing missing end table tag in file:0a73d5fa-b2c8-43e7-9ed4-61f0552b1c98.md
Warning,0a73d5fa-b2c8-43e7-9ed4-61f0552b1c98,Fixing missing end table tag in file:0a73d5fa-b2c8-43e7-9ed4-61f0552b1c98.md
Warning,0a73d5fa-b2c8-43e7-9ed4-61f0552b1c98,Found invalid tables saving file:0a73d5fa-b2c8-43e7-9ed4-61f0552b1c98.md
Warning,0a73d5fa-b2c8-43e7-9ed4-61f0552b1c98,Could not Add new line after images in md file:0a73d5fa-b2c8-43e7-9ed4-61f0552b1c98.md
Warning,0ce338d5-3666-4a18-86ab-c6910ff408cc,Found a an ul list inside a table in html file:0ce338d5-3666-4a18-86ab-c6910ff408cc.xml
Warning,0ce338d5-3666-4a18-86ab-c6910ff408cc,Found nested table in md file:0ce338d5-3666-4a18-86ab-c6910ff408cc.md
Warning,0ce338d5-3666-4a18-86ab-c6910ff408cc,Fixing missing end table tag in file:0ce338d5-3666-4a18-86ab-c6910ff408cc.md
Warning,0ce338d5-3666-4a18-86ab-c6910ff408cc,Found invalid tables saving file:0ce338d5-3666-4a18-86ab-c6910ff408cc.md
Warning,0d4d0f35-390b-4518-800e-0c7ec95e946c,Found a an ul list inside a table in html file:0d4d0f35-390b-4518-800e-0c7ec95e946c.xml
Warning,0d4d0f35-390b-4518-800e-0c7ec95e946c,Missing tables headers in file:0d4d0f35-390b-4518-800e-0c7ec95e946c.md
Warning,0d4d0f35-390b-4518-800e-0c7ec95e946c,Found nested table in md file:0d4d0f35-390b-4518-800e-0c7ec95e946c.md
Warning,0d4d0f35-390b-4518-800e-0c7ec95e946c,Fixing missing end table tag in file:0d4d0f35-390b-4518-800e-0c7ec95e946c.md
Warning,0d4d0f35-390b-4518-800e-0c7ec95e946c,Fixing missing end table tag in file:0d4d0f35-390b-4518-800e-0c7ec95e946c.md
Warning,0d4d0f35-390b-4518-800e-0c7ec95e946c,Fixing missing end table tag in file:0d4d0f35-390b-4518-800e-0c7ec95e946c.md
Warning,0d4d0f35-390b-4518-800e-0c7ec95e946c,Fixing missing end table tag in file:0d4d0f35-390b-4518-800e-0c7ec95e946c.md
Warning,0d4d0f35-390b-4518-800e-0c7ec95e946c,Fixing missing end table tag in file:0d4d0f35-390b-4518-800e-0c7ec95e946c.md
Warning,0d4d0f35-390b-4518-800e-0c7ec95e946c,Fixing missing end table tag in file:0d4d0f35-390b-4518-800e-0c7ec95e946c.md
Warning,0d4d0f35-390b-4518-800e-0c7ec95e946c,Fixing missing end table tag in file:0d4d0f35-390b-4518-800e-0c7ec95e946c.md
Warning,0d4d0f35-390b-4518-800e-0c7ec95e946c,Fixing missing end table tag in file:0d4d0f35-390b-4518-800e-0c7ec95e946c.md
Warning,0d4d0f35-390b-4518-800e-0c7ec95e946c,Fixing missing end table tag in file:0d4d0f35-390b-4518-800e-0c7ec95e946c.md
Warning,0d4d0f35-390b-4518-800e-0c7ec95e946c,Fixing missing end table tag in file:0d4d0f35-390b-4518-800e-0c7ec95e946c.md
Warning,0d4d0f35-390b-4518-800e-0c7ec95e946c,Found invalid tables saving file:0d4d0f35-390b-4518-800e-0c7ec95e946c.md
Warning,103f940c-0468-4e1a-b527-cc8ad13a5ea6,Found a an ul list inside a table in html file:103f940c-0468-4e1a-b527-cc8ad13a5ea6.xml
Warning,103f940c-0468-4e1a-b527-cc8ad13a5ea6,Found nested table in md file:103f940c-0468-4e1a-b527-cc8ad13a5ea6.md
Warning,103f940c-0468-4e1a-b527-cc8ad13a5ea6,Could not Add new line after images in md file:103f940c-0468-4e1a-b527-cc8ad13a5ea6.md
Warning,1adffc35-38e5-4f7d-8495-8e0e8721f377,Found a an ul list inside a table in html file:1adffc35-38e5-4f7d-8495-8e0e8721f377.xml
Warning,1adffc35-38e5-4f7d-8495-8e0e8721f377,Found nested table in md file:1adffc35-38e5-4f7d-8495-8e0e8721f377.md
Warning,1adffc35-38e5-4f7d-8495-8e0e8721f377,Fixing missing end table tag in file:1adffc35-38e5-4f7d-8495-8e0e8721f377.md
Warning,1adffc35-38e5-4f7d-8495-8e0e8721f377,Fixing missing end table tag in file:1adffc35-38e5-4f7d-8495-8e0e8721f377.md
Warning,1adffc35-38e5-4f7d-8495-8e0e8721f377,Found invalid tables saving file:1adffc35-38e5-4f7d-8495-8e0e8721f377.md
Warning,1b45c82f-26c8-44fb-9f3b-b45436fe2271,Found nested table in md file:1b45c82f-26c8-44fb-9f3b-b45436fe2271.md
Warning,1b45c82f-26c8-44fb-9f3b-b45436fe2271,Could not Add new line after images in md file:1b45c82f-26c8-44fb-9f3b-b45436fe2271.md
Warning,1fbd74e8-7a60-4157-afe8-fe79f05d2038,Found a an ol list inside a table in html file:1fbd74e8-7a60-4157-afe8-fe79f05d2038.xml
Warning,2062c312-b1e4-4ce7-8cb2-ea39bc0dfdad,Could not Add new line after images in md file:2062c312-b1e4-4ce7-8cb2-ea39bc0dfdad.md
Warning,239ce6eb-4e81-42db-bf86-a01362fed65c,Could not Add new line after images in md file:239ce6eb-4e81-42db-bf86-a01362fed65c.md
Warning,26261670-db33-4c53-b125-af0662c34607,Found herf tag with an image in file:26261670-db33-4c53-b125-af0662c34607.md total found:3
Warning,268a109e-7843-405b-bb3d-b9393b2342ce,Could not Add new line after images in md file:268a109e-7843-405b-bb3d-b9393b2342ce.md
Warning,26af16df-34cd-4f4a-b893-bc1d2e74039e,Could not Add new line after images in md file:26af16df-34cd-4f4a-b893-bc1d2e74039e.md
Warning,28c86a1c-e4dd-4aad-a2a6-c768a21cb352,Found a an ul list inside a table in html file:28c86a1c-e4dd-4aad-a2a6-c768a21cb352.xml
Warning,28c86a1c-e4dd-4aad-a2a6-c768a21cb352,Missing tables headers in file:28c86a1c-e4dd-4aad-a2a6-c768a21cb352.md
Warning,290b02bf-a988-4fb9-88b2-34e408216ac8,Found a an ul list inside a table in html file:290b02bf-a988-4fb9-88b2-34e408216ac8.xml
Warning,296a02bd-ebde-4022-900e-547acf38ddd7,Found nested table in md file:296a02bd-ebde-4022-900e-547acf38ddd7.md
Warning,296a02bd-ebde-4022-900e-547acf38ddd7,Could not Add new line after images in md file:296a02bd-ebde-4022-900e-547acf38ddd7.md
Warning,2cfce2c8-20c5-47f9-afc4-24b059c1bd76,Could not Add new line after images in md file:2cfce2c8-20c5-47f9-afc4-24b059c1bd76.md
Warning,2e5fbe9f-ee4d-4178-8ff8-4356bc1b168e,Missing tables headers in file:2e5fbe9f-ee4d-4178-8ff8-4356bc1b168e.md
Warning,2fe71b05-f5a2-4182-ade7-4dc5cabdfd51,Missing tables headers in file:2fe71b05-f5a2-4182-ade7-4dc5cabdfd51.md
Warning,3526fd06-b45f-445b-aed4-5ebd37b3762a,Missing tables headers in file:3526fd06-b45f-445b-aed4-5ebd37b3762a.md
Warning,3526fd06-b45f-445b-aed4-5ebd37b3762a,Found nested table in md file:3526fd06-b45f-445b-aed4-5ebd37b3762a.md
Warning,3526fd06-b45f-445b-aed4-5ebd37b3762a,Fixing missing end table tag in file:3526fd06-b45f-445b-aed4-5ebd37b3762a.md
Warning,3526fd06-b45f-445b-aed4-5ebd37b3762a,Found invalid tables saving file:3526fd06-b45f-445b-aed4-5ebd37b3762a.md
Warning,35d0ecdb-7cb0-44be-ad5c-69df2f8f8b25,Found nested table in md file:35d0ecdb-7cb0-44be-ad5c-69df2f8f8b25.md
Warning,35d52b41-75ab-4144-9edf-31e11453bd5d,Could not Add new line after images in md file:35d52b41-75ab-4144-9edf-31e11453bd5d.md
Warning,38e9b67f-d188-490f-bc91-a1ae4b270441,Missing tables headers in file:38e9b67f-d188-490f-bc91-a1ae4b270441.md
Warning,39e4654a-9588-41f6-892b-c33ab57bfbe2,Could not Add new line after images in md file:39e4654a-9588-41f6-892b-c33ab57bfbe2.md
Warning,3a137e28-1174-42d5-99af-f18868b43e86,Found a an ul list inside a table in html file:3a137e28-1174-42d5-99af-f18868b43e86.xml
Warning,3bdb5c4e-94fc-4741-b02f-4e7cc3c54aa1,Found a an ul list inside a table in html file:3bdb5c4e-94fc-4741-b02f-4e7cc3c54aa1.xml
Warning,3bdb5c4e-94fc-4741-b02f-4e7cc3c54aa1,Found nested table in md file:3bdb5c4e-94fc-4741-b02f-4e7cc3c54aa1.md
Warning,3bdb5c4e-94fc-4741-b02f-4e7cc3c54aa1,Fixing missing end table tag in file:3bdb5c4e-94fc-4741-b02f-4e7cc3c54aa1.md
Warning,3bdb5c4e-94fc-4741-b02f-4e7cc3c54aa1,Found invalid tables saving file:3bdb5c4e-94fc-4741-b02f-4e7cc3c54aa1.md
Warning,3f7dde1a-a8ea-4366-86da-8ee6777f357c,Found nested table in md file:3f7dde1a-a8ea-4366-86da-8ee6777f357c.md
Warning,3f7dde1a-a8ea-4366-86da-8ee6777f357c,Could not Add new line after images in md file:3f7dde1a-a8ea-4366-86da-8ee6777f357c.md
Warning,40829b57-793c-4d41-b171-e9270129173d,Found a an ul list inside a table in html file:40829b57-793c-4d41-b171-e9270129173d.xml
Warning,40829b57-793c-4d41-b171-e9270129173d,Missing tables headers in file:40829b57-793c-4d41-b171-e9270129173d.md
Warning,40829b57-793c-4d41-b171-e9270129173d,Found nested table in md file:40829b57-793c-4d41-b171-e9270129173d.md
Warning,40829b57-793c-4d41-b171-e9270129173d,Fixing missing end table tag in file:40829b57-793c-4d41-b171-e9270129173d.md
Warning,40829b57-793c-4d41-b171-e9270129173d,Fixing missing end table tag in file:40829b57-793c-4d41-b171-e9270129173d.md
Warning,40829b57-793c-4d41-b171-e9270129173d,Fixing missing end table tag in file:40829b57-793c-4d41-b171-e9270129173d.md
Warning,40829b57-793c-4d41-b171-e9270129173d,Fixing missing end table tag in file:40829b57-793c-4d41-b171-e9270129173d.md
Warning,40829b57-793c-4d41-b171-e9270129173d,Fixing missing end table tag in file:40829b57-793c-4d41-b171-e9270129173d.md
Warning,40829b57-793c-4d41-b171-e9270129173d,Found invalid tables saving file:40829b57-793c-4d41-b171-e9270129173d.md
Warning,40829b57-793c-4d41-b171-e9270129173d,Could not Add new line after images in md file:40829b57-793c-4d41-b171-e9270129173d.md
Warning,422858ff-917b-46d4-9e5b-3397f60eee4d,Found nested table in md file:422858ff-917b-46d4-9e5b-3397f60eee4d.md
Warning,4250c4bc-6102-420b-9e0a-a95064837676,Found a an dl list inside a table in html file:4250c4bc-6102-420b-9e0a-a95064837676.xml
Error,4250c4bc-6102-420b-9e0a-a95064837676,Checking for list in tables in file:4250c4bc-6102-420b-9e0a-a95064837676.xml message:System.Collections.ArrayList
Warning,429e686f-d8a6-455e-a2b6-3791d763f000,Missing tables headers in file:429e686f-d8a6-455e-a2b6-3791d763f000.md
Warning,429e686f-d8a6-455e-a2b6-3791d763f000,Fixing missing end table tag in file:429e686f-d8a6-455e-a2b6-3791d763f000.md
Warning,429e686f-d8a6-455e-a2b6-3791d763f000,Fixing missing end table tag in file:429e686f-d8a6-455e-a2b6-3791d763f000.md
Warning,429e686f-d8a6-455e-a2b6-3791d763f000,Fixing missing end table tag in file:429e686f-d8a6-455e-a2b6-3791d763f000.md
Warning,429e686f-d8a6-455e-a2b6-3791d763f000,Fixing missing end table tag in file:429e686f-d8a6-455e-a2b6-3791d763f000.md
Warning,429e686f-d8a6-455e-a2b6-3791d763f000,Fixing missing end table tag in file:429e686f-d8a6-455e-a2b6-3791d763f000.md
Warning,429e686f-d8a6-455e-a2b6-3791d763f000,Fixing missing end table tag in file:429e686f-d8a6-455e-a2b6-3791d763f000.md
Warning,429e686f-d8a6-455e-a2b6-3791d763f000,Fixing missing end table tag in file:429e686f-d8a6-455e-a2b6-3791d763f000.md
Warning,429e686f-d8a6-455e-a2b6-3791d763f000,Fixing missing end table tag in file:429e686f-d8a6-455e-a2b6-3791d763f000.md
Warning,429e686f-d8a6-455e-a2b6-3791d763f000,Found invalid tables saving file:429e686f-d8a6-455e-a2b6-3791d763f000.md
Warning,429e686f-d8a6-455e-a2b6-3791d763f000,Could not Add new line after images in md file:429e686f-d8a6-455e-a2b6-3791d763f000.md
Warning,44055727-56e8-42d7-9dc3-fb942f3901cc,Missing tables headers in file:44055727-56e8-42d7-9dc3-fb942f3901cc.md
Warning,47e8b964-4b09-44f7-a2d7-b8a06e8e389c,Found a an ul list inside a table in html file:47e8b964-4b09-44f7-a2d7-b8a06e8e389c.xml
Warning,4e8ff113-6361-41e2-915a-6338a7e2a1ed,Found nested table in md file:4e8ff113-6361-41e2-915a-6338a7e2a1ed.md
Warning,50580099-3dc0-44a1-a9b6-5ca6d396316b,Could not Add new line after images in md file:50580099-3dc0-44a1-a9b6-5ca6d396316b.md
Warning,53390468-eec6-45cb-b6cd-7511f9c909e4,Could not Add new line after images in md file:53390468-eec6-45cb-b6cd-7511f9c909e4.md
Warning,55f31488-288a-473a-9b9e-831a11e3711a,Could not Add new line after images in md file:55f31488-288a-473a-9b9e-831a11e3711a.md
Warning,57ca5138-0ae0-4d34-bd40-240441ef2fb6,Found a an ul list inside a table in html file:57ca5138-0ae0-4d34-bd40-240441ef2fb6.xml
Warning,57ca5138-0ae0-4d34-bd40-240441ef2fb6,Missing tables headers in file:57ca5138-0ae0-4d34-bd40-240441ef2fb6.md
Warning,5986b9e1-c824-4f8f-9b7d-a2b0ae2a7fe9,Found a an ul list inside a table in html file:5986b9e1-c824-4f8f-9b7d-a2b0ae2a7fe9.xml
Warning,5a6f2d7f-d998-4f31-b4f5-f7cbf6f38578,Missing tables headers in file:5a6f2d7f-d998-4f31-b4f5-f7cbf6f38578.md
Warning,5b9a067b-9d2e-4aa5-bb33-99d8c0d0b5d7,Found a an ul list inside a table in html file:5b9a067b-9d2e-4aa5-bb33-99d8c0d0b5d7.xml
Warning,5b9a067b-9d2e-4aa5-bb33-99d8c0d0b5d7,Fixing missing end table tag in file:5b9a067b-9d2e-4aa5-bb33-99d8c0d0b5d7.md
Warning,5b9a067b-9d2e-4aa5-bb33-99d8c0d0b5d7,Fixing missing end table tag in file:5b9a067b-9d2e-4aa5-bb33-99d8c0d0b5d7.md
Warning,5b9a067b-9d2e-4aa5-bb33-99d8c0d0b5d7,Fixing missing end table tag in file:5b9a067b-9d2e-4aa5-bb33-99d8c0d0b5d7.md
Warning,5b9a067b-9d2e-4aa5-bb33-99d8c0d0b5d7,Fixing missing end table tag in file:5b9a067b-9d2e-4aa5-bb33-99d8c0d0b5d7.md
Warning,5b9a067b-9d2e-4aa5-bb33-99d8c0d0b5d7,Fixing missing end table tag in file:5b9a067b-9d2e-4aa5-bb33-99d8c0d0b5d7.md
Warning,5b9a067b-9d2e-4aa5-bb33-99d8c0d0b5d7,Fixing missing end table tag in file:5b9a067b-9d2e-4aa5-bb33-99d8c0d0b5d7.md
Warning,5b9a067b-9d2e-4aa5-bb33-99d8c0d0b5d7,Fixing missing end table tag in file:5b9a067b-9d2e-4aa5-bb33-99d8c0d0b5d7.md
Warning,5b9a067b-9d2e-4aa5-bb33-99d8c0d0b5d7,Fixing missing end table tag in file:5b9a067b-9d2e-4aa5-bb33-99d8c0d0b5d7.md
Warning,5b9a067b-9d2e-4aa5-bb33-99d8c0d0b5d7,Found invalid tables saving file:5b9a067b-9d2e-4aa5-bb33-99d8c0d0b5d7.md
Warning,5b9a067b-9d2e-4aa5-bb33-99d8c0d0b5d7,Could not Add new line after images in md file:5b9a067b-9d2e-4aa5-bb33-99d8c0d0b5d7.md
Warning,5c8c1db6-d8ac-4dbb-8a7a-f65d452169b9,Could not Add new line after images in md file:5c8c1db6-d8ac-4dbb-8a7a-f65d452169b9.md
Warning,5ce5cf47-2120-4e51-a403-426a13358b7e,Missing tables headers in file:5ce5cf47-2120-4e51-a403-426a13358b7e.md
Warning,5f02d20f-b9aa-4b2f-ad2d-506a4a3c4540,Could not Add new line after images in md file:5f02d20f-b9aa-4b2f-ad2d-506a4a3c4540.md
Warning,6057daa8-6372-4e77-a636-7ea599a76128,Found nested table in md file:6057daa8-6372-4e77-a636-7ea599a76128.md
Warning,6057daa8-6372-4e77-a636-7ea599a76128,Fixing missing end table tag in file:6057daa8-6372-4e77-a636-7ea599a76128.md
Warning,6057daa8-6372-4e77-a636-7ea599a76128,Fixing missing end table tag in file:6057daa8-6372-4e77-a636-7ea599a76128.md
Warning,6057daa8-6372-4e77-a636-7ea599a76128,Fixing missing end table tag in file:6057daa8-6372-4e77-a636-7ea599a76128.md
Warning,6057daa8-6372-4e77-a636-7ea599a76128,Found invalid tables saving file:6057daa8-6372-4e77-a636-7ea599a76128.md
Warning,61852fd9-fe8a-4880-a339-cb19ed3bff4a,Missing tables headers in file:61852fd9-fe8a-4880-a339-cb19ed3bff4a.md
Warning,61852fd9-fe8a-4880-a339-cb19ed3bff4a,Fixing missing end table tag in file:61852fd9-fe8a-4880-a339-cb19ed3bff4a.md
Warning,61852fd9-fe8a-4880-a339-cb19ed3bff4a,Found invalid tables saving file:61852fd9-fe8a-4880-a339-cb19ed3bff4a.md
Warning,61852fd9-fe8a-4880-a339-cb19ed3bff4a,Could not Add new line after images in md file:61852fd9-fe8a-4880-a339-cb19ed3bff4a.md
Warning,67cc7f42-a53d-4751-b929-6005c80798f7,Found a an dl list inside a table in html file:67cc7f42-a53d-4751-b929-6005c80798f7.xml
Error,67cc7f42-a53d-4751-b929-6005c80798f7,Checking for list in tables in file:67cc7f42-a53d-4751-b929-6005c80798f7.xml message:System.Collections.ArrayList
Warning,6a601501-a6a8-4559-b2e7-56b59c96a586,Found herf tag with an image in file:6a601501-a6a8-4559-b2e7-56b59c96a586.md total found:3
Warning,74aaade0-efc0-46ac-b949-f2d1d59256fa,Found herf tag with an image in file:74aaade0-efc0-46ac-b949-f2d1d59256fa.md total found:3
Warning,74aaade0-efc0-46ac-b949-f2d1d59256fa,Could not Add new line after images in md file:74aaade0-efc0-46ac-b949-f2d1d59256fa.md
Warning,78fe3147-1979-4c41-83bb-aeccf244368d,Found nested table in md file:78fe3147-1979-4c41-83bb-aeccf244368d.md
Warning,78fe3147-1979-4c41-83bb-aeccf244368d,Fixing missing end table tag in file:78fe3147-1979-4c41-83bb-aeccf244368d.md
Warning,78fe3147-1979-4c41-83bb-aeccf244368d,Found invalid tables saving file:78fe3147-1979-4c41-83bb-aeccf244368d.md
Warning,7a150c84-049c-4a9c-8c91-22355b35f2a7,Found a an ul list inside a table in html file:7a150c84-049c-4a9c-8c91-22355b35f2a7.xml
Warning,7a150c84-049c-4a9c-8c91-22355b35f2a7,Found nested table in md file:7a150c84-049c-4a9c-8c91-22355b35f2a7.md
Warning,7a150c84-049c-4a9c-8c91-22355b35f2a7,Fixing missing end table tag in file:7a150c84-049c-4a9c-8c91-22355b35f2a7.md
Warning,7a150c84-049c-4a9c-8c91-22355b35f2a7,Fixing missing end table tag in file:7a150c84-049c-4a9c-8c91-22355b35f2a7.md
Warning,7a150c84-049c-4a9c-8c91-22355b35f2a7,Found invalid tables saving file:7a150c84-049c-4a9c-8c91-22355b35f2a7.md
Warning,7a29260d-2959-42aa-8916-feceff6ee51d,Missing tables headers in file:7a29260d-2959-42aa-8916-feceff6ee51d.md
Warning,7acd33ce-1ec8-49fb-b625-43bac7b58c5a,Found a an ul list inside a table in html file:7acd33ce-1ec8-49fb-b625-43bac7b58c5a.xml
Warning,82ac9922-939c-41be-9c8a-7c75b0a4e27d,Found nested table in md file:82ac9922-939c-41be-9c8a-7c75b0a4e27d.md
Warning,82ac9922-939c-41be-9c8a-7c75b0a4e27d,Fixing missing end table tag in file:82ac9922-939c-41be-9c8a-7c75b0a4e27d.md
Warning,82ac9922-939c-41be-9c8a-7c75b0a4e27d,Fixing missing end table tag in file:82ac9922-939c-41be-9c8a-7c75b0a4e27d.md
Warning,82ac9922-939c-41be-9c8a-7c75b0a4e27d,Fixing missing end table tag in file:82ac9922-939c-41be-9c8a-7c75b0a4e27d.md
Warning,82ac9922-939c-41be-9c8a-7c75b0a4e27d,Fixing missing end table tag in file:82ac9922-939c-41be-9c8a-7c75b0a4e27d.md
Warning,82ac9922-939c-41be-9c8a-7c75b0a4e27d,Fixing missing end table tag in file:82ac9922-939c-41be-9c8a-7c75b0a4e27d.md
Warning,82ac9922-939c-41be-9c8a-7c75b0a4e27d,Found invalid tables saving file:82ac9922-939c-41be-9c8a-7c75b0a4e27d.md
Warning,82c97bb4-2b64-4edc-804d-cedbda525d22,Could not Add new line after images in md file:82c97bb4-2b64-4edc-804d-cedbda525d22.md
Warning,84a595b8-cd77-4f66-ac52-57a33ddd4773,Found a an ul list inside a table in html file:84a595b8-cd77-4f66-ac52-57a33ddd4773.xml
Warning,84a595b8-cd77-4f66-ac52-57a33ddd4773,Missing tables headers in file:84a595b8-cd77-4f66-ac52-57a33ddd4773.md
Warning,84a595b8-cd77-4f66-ac52-57a33ddd4773,Found nested table in md file:84a595b8-cd77-4f66-ac52-57a33ddd4773.md
Warning,84a595b8-cd77-4f66-ac52-57a33ddd4773,Fixing missing end table tag in file:84a595b8-cd77-4f66-ac52-57a33ddd4773.md
Warning,84a595b8-cd77-4f66-ac52-57a33ddd4773,Fixing missing end table tag in file:84a595b8-cd77-4f66-ac52-57a33ddd4773.md
Warning,84a595b8-cd77-4f66-ac52-57a33ddd4773,Fixing missing end table tag in file:84a595b8-cd77-4f66-ac52-57a33ddd4773.md
Warning,84a595b8-cd77-4f66-ac52-57a33ddd4773,Fixing missing end table tag in file:84a595b8-cd77-4f66-ac52-57a33ddd4773.md
Warning,84a595b8-cd77-4f66-ac52-57a33ddd4773,Fixing missing end table tag in file:84a595b8-cd77-4f66-ac52-57a33ddd4773.md
Warning,84a595b8-cd77-4f66-ac52-57a33ddd4773,Fixing missing end table tag in file:84a595b8-cd77-4f66-ac52-57a33ddd4773.md
Warning,84a595b8-cd77-4f66-ac52-57a33ddd4773,Fixing missing end table tag in file:84a595b8-cd77-4f66-ac52-57a33ddd4773.md
Warning,84a595b8-cd77-4f66-ac52-57a33ddd4773,Fixing missing end table tag in file:84a595b8-cd77-4f66-ac52-57a33ddd4773.md
Warning,84a595b8-cd77-4f66-ac52-57a33ddd4773,Found invalid tables saving file:84a595b8-cd77-4f66-ac52-57a33ddd4773.md
Warning,84a595b8-cd77-4f66-ac52-57a33ddd4773,Could not Add new line after images in md file:84a595b8-cd77-4f66-ac52-57a33ddd4773.md
Warning,86f414ad-81de-4703-b40a-c6615bbe9108,Found a an ul list inside a table in html file:86f414ad-81de-4703-b40a-c6615bbe9108.xml
Warning,87496bc5-9601-4473-8021-cb05c71369c1,Found a an ul list inside a table in html file:87496bc5-9601-4473-8021-cb05c71369c1.xml
Warning,87496bc5-9601-4473-8021-cb05c71369c1,Could not Add new line after images in md file:87496bc5-9601-4473-8021-cb05c71369c1.md
Warning,88935b4e-dcb1-47f1-8aca-1bf8fb069db6,Found a an ul list inside a table in html file:88935b4e-dcb1-47f1-8aca-1bf8fb069db6.xml
Warning,8ccac9e4-3a50-49fa-a95b-d186032a6ee3,Found a an ul list inside a table in html file:8ccac9e4-3a50-49fa-a95b-d186032a6ee3.xml
Warning,8ccac9e4-3a50-49fa-a95b-d186032a6ee3,Found nested table in md file:8ccac9e4-3a50-49fa-a95b-d186032a6ee3.md
Warning,8ccac9e4-3a50-49fa-a95b-d186032a6ee3,Fixing missing end table tag in file:8ccac9e4-3a50-49fa-a95b-d186032a6ee3.md
Warning,8ccac9e4-3a50-49fa-a95b-d186032a6ee3,Fixing missing end table tag in file:8ccac9e4-3a50-49fa-a95b-d186032a6ee3.md
Warning,8ccac9e4-3a50-49fa-a95b-d186032a6ee3,Fixing missing end table tag in file:8ccac9e4-3a50-49fa-a95b-d186032a6ee3.md
Warning,8ccac9e4-3a50-49fa-a95b-d186032a6ee3,Found invalid tables saving file:8ccac9e4-3a50-49fa-a95b-d186032a6ee3.md
Warning,8ccac9e4-3a50-49fa-a95b-d186032a6ee3,Could not Add new line after images in md file:8ccac9e4-3a50-49fa-a95b-d186032a6ee3.md
Warning,8d274fe3-db51-4107-ba64-865e7155b355,Found a an ul list inside a table in html file:8d274fe3-db51-4107-ba64-865e7155b355.xml
Warning,8dd335ab-29d0-41c3-8dd8-9f7c7481e60c,Missing tables headers in file:8dd335ab-29d0-41c3-8dd8-9f7c7481e60c.md
Warning,8dd335ab-29d0-41c3-8dd8-9f7c7481e60c,Fixing missing end table tag in file:8dd335ab-29d0-41c3-8dd8-9f7c7481e60c.md
Warning,8dd335ab-29d0-41c3-8dd8-9f7c7481e60c,Found invalid tables saving file:8dd335ab-29d0-41c3-8dd8-9f7c7481e60c.md
Warning,8dd335ab-29d0-41c3-8dd8-9f7c7481e60c,Could not Add new line after images in md file:8dd335ab-29d0-41c3-8dd8-9f7c7481e60c.md
Warning,8f20ca4f-a908-46ec-99e6-9890d269ecf2,Found a an ul list inside a table in html file:8f20ca4f-a908-46ec-99e6-9890d269ecf2.xml
Warning,8f20ca4f-a908-46ec-99e6-9890d269ecf2,Missing tables headers in file:8f20ca4f-a908-46ec-99e6-9890d269ecf2.md
Warning,96deb75f-64e8-4c10-b570-84c99c674e15,Found nested table in md file:96deb75f-64e8-4c10-b570-84c99c674e15.md
Warning,96deb75f-64e8-4c10-b570-84c99c674e15,Could not Add new line after images in md file:96deb75f-64e8-4c10-b570-84c99c674e15.md
Warning,9701a024-c52e-43f0-b545-9a53478aec04,Could not Add new line after images in md file:9701a024-c52e-43f0-b545-9a53478aec04.md
Warning,978c3173-3578-4286-aaf4-8a10951978bf,Found a an ul list inside a table in html file:978c3173-3578-4286-aaf4-8a10951978bf.xml
Warning,978c3173-3578-4286-aaf4-8a10951978bf,Found nested table in md file:978c3173-3578-4286-aaf4-8a10951978bf.md
Warning,978c3173-3578-4286-aaf4-8a10951978bf,Fixing missing end table tag in file:978c3173-3578-4286-aaf4-8a10951978bf.md
Warning,978c3173-3578-4286-aaf4-8a10951978bf,Found invalid tables saving file:978c3173-3578-4286-aaf4-8a10951978bf.md
Warning,97e06a7a-ef9a-4ce8-baea-18b9e20449a3,Found nested table in md file:97e06a7a-ef9a-4ce8-baea-18b9e20449a3.md
Warning,9a00b9ea-33fd-4772-8ea6-9d3c65e829e6,Missing tables headers in file:9a00b9ea-33fd-4772-8ea6-9d3c65e829e6.md
Warning,9a00b9ea-33fd-4772-8ea6-9d3c65e829e6,Fixing missing end table tag in file:9a00b9ea-33fd-4772-8ea6-9d3c65e829e6.md
Warning,9a00b9ea-33fd-4772-8ea6-9d3c65e829e6,Found invalid tables saving file:9a00b9ea-33fd-4772-8ea6-9d3c65e829e6.md
Warning,9a00b9ea-33fd-4772-8ea6-9d3c65e829e6,Could not Add new line after images in md file:9a00b9ea-33fd-4772-8ea6-9d3c65e829e6.md
Warning,9b7daf19-d5f2-415b-bc43-a0f5f4a585e8,Could not Add new line after images in md file:9b7daf19-d5f2-415b-bc43-a0f5f4a585e8.md
Warning,a2a4b352-442a-49f2-be77-a1244d68de8f,Could not Add new line after images in md file:a2a4b352-442a-49f2-be77-a1244d68de8f.md
Warning,a85e1c87-a48e-4715-bfa9-d5275cde67b0,Found nested table in md file:a85e1c87-a48e-4715-bfa9-d5275cde67b0.md
Warning,a85e1c87-a48e-4715-bfa9-d5275cde67b0,Fixing missing end table tag in file:a85e1c87-a48e-4715-bfa9-d5275cde67b0.md
Warning,a85e1c87-a48e-4715-bfa9-d5275cde67b0,Fixing missing end table tag in file:a85e1c87-a48e-4715-bfa9-d5275cde67b0.md
Warning,a85e1c87-a48e-4715-bfa9-d5275cde67b0,Fixing missing end table tag in file:a85e1c87-a48e-4715-bfa9-d5275cde67b0.md
Warning,a85e1c87-a48e-4715-bfa9-d5275cde67b0,Found invalid tables saving file:a85e1c87-a48e-4715-bfa9-d5275cde67b0.md
Warning,a8bdcbdd-9298-462f-b889-df26037a990c,Could not Add new line after images in md file:a8bdcbdd-9298-462f-b889-df26037a990c.md
Warning,a9951a07-10b3-48cb-b37a-0ffaa24931ad,Could not Add new line after images in md file:a9951a07-10b3-48cb-b37a-0ffaa24931ad.md
Warning,aaca8987-5b62-458b-9882-c28476a66918,Found nested table in md file:aaca8987-5b62-458b-9882-c28476a66918.md
Warning,af398293-c69d-465e-a249-d74561552d30,Could not Add new line after images in md file:af398293-c69d-465e-a249-d74561552d30.md
Warning,b5e1471c-1ad6-4bc5-9e75-ce791aee283c,Found a an ul list inside a table in html file:b5e1471c-1ad6-4bc5-9e75-ce791aee283c.xml
Warning,bdd5372d-775e-4442-9c1b-609627b94b5d,Found nested table in md file:bdd5372d-775e-4442-9c1b-609627b94b5d.md
Warning,bdd5372d-775e-4442-9c1b-609627b94b5d,Fixing missing end table tag in file:bdd5372d-775e-4442-9c1b-609627b94b5d.md
Warning,bdd5372d-775e-4442-9c1b-609627b94b5d,Found invalid tables saving file:bdd5372d-775e-4442-9c1b-609627b94b5d.md
Warning,bdee24ed-b8cf-4dd0-92ae-b86ec4661e6b,Found nested table in md file:bdee24ed-b8cf-4dd0-92ae-b86ec4661e6b.md
Warning,bdee24ed-b8cf-4dd0-92ae-b86ec4661e6b,Fixing missing end table tag in file:bdee24ed-b8cf-4dd0-92ae-b86ec4661e6b.md
Warning,bdee24ed-b8cf-4dd0-92ae-b86ec4661e6b,Fixing missing end table tag in file:bdee24ed-b8cf-4dd0-92ae-b86ec4661e6b.md
Warning,bdee24ed-b8cf-4dd0-92ae-b86ec4661e6b,Fixing missing end table tag in file:bdee24ed-b8cf-4dd0-92ae-b86ec4661e6b.md
Warning,bdee24ed-b8cf-4dd0-92ae-b86ec4661e6b,Found invalid tables saving file:bdee24ed-b8cf-4dd0-92ae-b86ec4661e6b.md
Warning,bdee24ed-b8cf-4dd0-92ae-b86ec4661e6b,Could not Add new line after images in md file:bdee24ed-b8cf-4dd0-92ae-b86ec4661e6b.md
Warning,bed936bc-0969-4a6d-a7a5-66305c14e958,Missing tables headers in file:bed936bc-0969-4a6d-a7a5-66305c14e958.md
Warning,bed936bc-0969-4a6d-a7a5-66305c14e958,Found nested table in md file:bed936bc-0969-4a6d-a7a5-66305c14e958.md
Warning,bed936bc-0969-4a6d-a7a5-66305c14e958,Could not Add new line after images in md file:bed936bc-0969-4a6d-a7a5-66305c14e958.md
Warning,c0d87cbe-6d65-4c03-88ad-5216ea5564e8,Found a an ul list inside a table in html file:c0d87cbe-6d65-4c03-88ad-5216ea5564e8.xml
Warning,c0d87cbe-6d65-4c03-88ad-5216ea5564e8,Fixing missing end table tag in file:c0d87cbe-6d65-4c03-88ad-5216ea5564e8.md
Warning,c0d87cbe-6d65-4c03-88ad-5216ea5564e8,Found invalid tables saving file:c0d87cbe-6d65-4c03-88ad-5216ea5564e8.md
Warning,c2e588d3-8f4f-4937-a286-8c399f28953a,Found a an ul list inside a table in html file:c2e588d3-8f4f-4937-a286-8c399f28953a.xml
Warning,c4639c2e-7223-4302-8e0d-b6e10f1c3be3,Found a an ul list inside a table in html file:c4639c2e-7223-4302-8e0d-b6e10f1c3be3.xml
Warning,c4639c2e-7223-4302-8e0d-b6e10f1c3be3,Missing tables headers in file:c4639c2e-7223-4302-8e0d-b6e10f1c3be3.md
Warning,c4639c2e-7223-4302-8e0d-b6e10f1c3be3,Found nested table in md file:c4639c2e-7223-4302-8e0d-b6e10f1c3be3.md
Warning,c4639c2e-7223-4302-8e0d-b6e10f1c3be3,Fixing missing end table tag in file:c4639c2e-7223-4302-8e0d-b6e10f1c3be3.md
Warning,c4639c2e-7223-4302-8e0d-b6e10f1c3be3,Fixing missing end table tag in file:c4639c2e-7223-4302-8e0d-b6e10f1c3be3.md
Warning,c4639c2e-7223-4302-8e0d-b6e10f1c3be3,Fixing missing end table tag in file:c4639c2e-7223-4302-8e0d-b6e10f1c3be3.md
Warning,c4639c2e-7223-4302-8e0d-b6e10f1c3be3,Found invalid tables saving file:c4639c2e-7223-4302-8e0d-b6e10f1c3be3.md
Warning,cca08d26-6fbf-4b2c-b102-b226e4cd7381,Found nested table in md file:cca08d26-6fbf-4b2c-b102-b226e4cd7381.md
Warning,ce004100-9e7f-443e-942b-9b04098fcfc3,Found a an ul list inside a table in html file:ce004100-9e7f-443e-942b-9b04098fcfc3.xml
Warning,ce9eb942-3589-42cb-88fd-1576ecb09c5c,Found nested table in md file:ce9eb942-3589-42cb-88fd-1576ecb09c5c.md
Warning,ce9eb942-3589-42cb-88fd-1576ecb09c5c,Could not Add new line after images in md file:ce9eb942-3589-42cb-88fd-1576ecb09c5c.md
Warning,d10608af-7934-490a-818e-e68f17d0e9c1,Found a an ul list inside a table in html file:d10608af-7934-490a-818e-e68f17d0e9c1.xml
Warning,d10608af-7934-490a-818e-e68f17d0e9c1,Found nested table in md file:d10608af-7934-490a-818e-e68f17d0e9c1.md
Warning,d10608af-7934-490a-818e-e68f17d0e9c1,Fixing missing end table tag in file:d10608af-7934-490a-818e-e68f17d0e9c1.md
Warning,d10608af-7934-490a-818e-e68f17d0e9c1,Fixing missing end table tag in file:d10608af-7934-490a-818e-e68f17d0e9c1.md
Warning,d10608af-7934-490a-818e-e68f17d0e9c1,Found invalid tables saving file:d10608af-7934-490a-818e-e68f17d0e9c1.md
Warning,d1691de4-ca0d-446f-a0d0-373a4fc8487b,Found nested table in md file:d1691de4-ca0d-446f-a0d0-373a4fc8487b.md
Warning,d1691de4-ca0d-446f-a0d0-373a4fc8487b,Fixing missing end table tag in file:d1691de4-ca0d-446f-a0d0-373a4fc8487b.md
Warning,d1691de4-ca0d-446f-a0d0-373a4fc8487b,Found invalid tables saving file:d1691de4-ca0d-446f-a0d0-373a4fc8487b.md
Warning,d24bb387-c65d-486e-93e7-06a4f1a436c0,Missing tables headers in file:d24bb387-c65d-486e-93e7-06a4f1a436c0.md
Warning,d24bb387-c65d-486e-93e7-06a4f1a436c0,Fixing missing end table tag in file:d24bb387-c65d-486e-93e7-06a4f1a436c0.md
Warning,d24bb387-c65d-486e-93e7-06a4f1a436c0,Fixing missing end table tag in file:d24bb387-c65d-486e-93e7-06a4f1a436c0.md
Warning,d24bb387-c65d-486e-93e7-06a4f1a436c0,Fixing missing end table tag in file:d24bb387-c65d-486e-93e7-06a4f1a436c0.md
Warning,d24bb387-c65d-486e-93e7-06a4f1a436c0,Fixing missing end table tag in file:d24bb387-c65d-486e-93e7-06a4f1a436c0.md
Warning,d24bb387-c65d-486e-93e7-06a4f1a436c0,Found invalid tables saving file:d24bb387-c65d-486e-93e7-06a4f1a436c0.md
Warning,da21c0b6-e8f0-4cc8-af2e-5029a9433d59,Found herf tag with an image in file:da21c0b6-e8f0-4cc8-af2e-5029a9433d59.md total found:3
Warning,dc4f704c-6fcc-4cab-9a02-95a824e4fb57,Found a an ul list inside a table in html file:dc4f704c-6fcc-4cab-9a02-95a824e4fb57.xml
Warning,dd6a1fef-ec4a-4cf4-a25a-bb591c5811e3,Missing tables headers in file:dd6a1fef-ec4a-4cf4-a25a-bb591c5811e3.md
Warning,e2a789f2-9962-4960-9fd4-a00aa063559e,Found nested table in md file:e2a789f2-9962-4960-9fd4-a00aa063559e.md
Warning,e3cbc79c-5e97-43d3-8371-9fbc398cd92e,Could not Add new line after images in md file:e3cbc79c-5e97-43d3-8371-9fbc398cd92e.md
Warning,e86fc991-0161-4f01-9c1c-d25e87733d06,Found a an ul list inside a table in html file:e86fc991-0161-4f01-9c1c-d25e87733d06.xml
Warning,e893b19a-660c-41f2-9074-d3631c95a014,Found nested table in md file:e893b19a-660c-41f2-9074-d3631c95a014.md
Warning,ec3587e4-7b4a-40fb-8fb8-8aa05aeae2ce,Found a an ul list inside a table in html file:ec3587e4-7b4a-40fb-8fb8-8aa05aeae2ce.xml
Warning,ec3587e4-7b4a-40fb-8fb8-8aa05aeae2ce,Could not Add new line after images in md file:ec3587e4-7b4a-40fb-8fb8-8aa05aeae2ce.md
Warning,f5caf497-5e8d-4b7a-bfff-d02942f38150,Found nested table in md file:f5caf497-5e8d-4b7a-bfff-d02942f38150.md
Warning,f5caf497-5e8d-4b7a-bfff-d02942f38150,Could not Add new line after images in md file:f5caf497-5e8d-4b7a-bfff-d02942f38150.md
Warning,f6cd6588-f6b6-424a-a9ab-3782b842faee,Could not Add new line after images in md file:f6cd6588-f6b6-424a-a9ab-3782b842faee.md
Warning,f87cb016-7876-4317-ae3c-9169b311ff8a,Missing tables headers in file:f87cb016-7876-4317-ae3c-9169b311ff8a.md
Warning,fc4e6ebb-5acc-4bc5-bad8-4f3407d1d3f4,Fixing missing end table tag in file:fc4e6ebb-5acc-4bc5-bad8-4f3407d1d3f4.md
Warning,fc4e6ebb-5acc-4bc5-bad8-4f3407d1d3f4,Fixing missing end table tag in file:fc4e6ebb-5acc-4bc5-bad8-4f3407d1d3f4.md
Warning,fc4e6ebb-5acc-4bc5-bad8-4f3407d1d3f4,Fixing missing end table tag in file:fc4e6ebb-5acc-4bc5-bad8-4f3407d1d3f4.md
Warning,fc4e6ebb-5acc-4bc5-bad8-4f3407d1d3f4,Fixing missing end table tag in file:fc4e6ebb-5acc-4bc5-bad8-4f3407d1d3f4.md
Warning,fc4e6ebb-5acc-4bc5-bad8-4f3407d1d3f4,Fixing missing end table tag in file:fc4e6ebb-5acc-4bc5-bad8-4f3407d1d3f4.md
Warning,fc4e6ebb-5acc-4bc5-bad8-4f3407d1d3f4,Fixing missing end table tag in file:fc4e6ebb-5acc-4bc5-bad8-4f3407d1d3f4.md
Warning,fc4e6ebb-5acc-4bc5-bad8-4f3407d1d3f4,Fixing missing end table tag in file:fc4e6ebb-5acc-4bc5-bad8-4f3407d1d3f4.md
Warning,fc4e6ebb-5acc-4bc5-bad8-4f3407d1d3f4,Fixing missing end table tag in file:fc4e6ebb-5acc-4bc5-bad8-4f3407d1d3f4.md
Warning,fc4e6ebb-5acc-4bc5-bad8-4f3407d1d3f4,Fixing missing end table tag in file:fc4e6ebb-5acc-4bc5-bad8-4f3407d1d3f4.md
Warning,fc4e6ebb-5acc-4bc5-bad8-4f3407d1d3f4,Fixing missing end table tag in file:fc4e6ebb-5acc-4bc5-bad8-4f3407d1d3f4.md
Warning,fc4e6ebb-5acc-4bc5-bad8-4f3407d1d3f4,Found invalid tables saving file:fc4e6ebb-5acc-4bc5-bad8-4f3407d1d3f4.md
Warning,fd505979-76be-4d9f-b459-abef3fc9e86b,Found a an ul list inside a table in html file:fd505979-76be-4d9f-b459-abef3fc9e86b.xml
Warning,fd505979-76be-4d9f-b459-abef3fc9e86b,Found nested table in md file:fd505979-76be-4d9f-b459-abef3fc9e86b.md

